chr,gene_name,HGVSc_ANNOVAR,HGVSp_ANNOVAR,HGVSp_VEP,padrÃ£o
1,ABCA4,c.3163C>T,p.R1055X,p.Arg1055Ter,1
1,ABCA4,c.3140G>T,p.S1047I,p.Ser1047Ile,1
1,ABCA4,c.3089A>G,p.Q1030R,p.Gln1030Arg,0
1,ABCA4,c.3062T>C,p.L1021P,p.Leu1021Pro,0
1,ABCA4,c.3034C>T,p.Q1012X,p.Gln1012Ter,1
1,ABCA4,c.3023C>T,p.A1008V,p.Ala1008Val,1
1,ABCA4,c.2985C>A,p.Y995X,p.Tyr995Ter,1
1,ABCA4,c.2939T>C,p.F980S,p.Phe980Ser,1
1,ABCA4,c.2905G>A,p.D969N,p.Asp969Asn,1
1,ABCA4,c.2891A>G,p.K964R,p.Lys964Arg,1
1,ABCA4,c.2854A>G,p.K952E,p.Lys952Glu,1
1,ABCA4,c.2830G>T,p.G944C,p.Gly944Cys,1
1,ABCA4,c.2825G>A,p.C942Y,p.Cys942Tyr,1
1,ABCA4,c.2821C>T,p.R941X,p.Arg941Ter,0
1,ABCA4,c.2795T>G,p.L932R,p.Leu932Arg,0
1,ABCA4,c.2791C>T,p.R931W,p.Arg931Trp,1
1,ABCA4,c.2767G>A,p.E923K,p.Glu923Lys,0
